city,lat,lon
Tokyo,35.6762,139.6503
Delhi,28.7041,77.1025
Shanghai,31.2304,121.4737
Sao Paulo,-23.5505,-46.6333
Mexico City,19.4326,-99.1332
Cairo,30.0444,31.2357
Mumbai,19.076,72.8777
Beijing,39.9042,116.4074
Dhaka,23.8103,90.4125
Osaka,34.6937,135.5023
Karachi,24.8607,67.0011
Buenos Aires,-34.6037,-58.3816
Istanbul,41.0082,28.9784
Kolkata,22.5726,88.3639
Lagos,6.5244,3.3792
Kinshasa,-4.4419,15.2663
Manila,14.5995,120.9842
Rio de Janeiro,-22.9068,-43.1729
Guangzhou,23.1291,113.2644
Los Angeles,34.0522,-118.2437
Moscow,55.7558,37.6173
Shenzhen,22.5431,114.0579
Lahore,31.5204,74.3587
Bangalore,12.9716,77.5946
Paris,48.8566,2.3522
Bogota,4.711,-74.0721
Jakarta,-6.2088,106.8456
Chennai,13.0827,80.2707
Lima,-12.0464,-77.0428
Bangkok,13.7563,100.5018
Seoul,37.5665,126.978
Nagoya,35.1815,136.9066
Hyderabad,17.385,78.4867
London,51.5074,-0.1278
New York City,40.7128,-74.006
Tehran,35.6892,51.389
Chicago,41.8781,-87.6298
Chengdu,30.5728,104.0668
Nanjing,32.0603,118.7969
Wuhan,30.5928,114.3055
Ho Chi Minh City,10.8231,106.6297
Luanda,-8.839,13.2894
Ahmedabad,23.0225,72.5714
Kuala Lumpur,3.139,101.6869
Xian,34.3416,108.9398
Hong Kong,22.3193,114.1694
Dongguan,23.0207,113.7518
Hangzhou,30.2741,120.1551
Foshan,23.0215,113.1214
Shenyang,41.8057,123.4315
Riyadh,24.7136,46.6753
Baghdad,33.3152,44.3661
Santiago,-33.4489,-70.6693
Surat,21.1702,72.8311
Madrid,40.4168,-3.7038
Suzhou,31.299,120.5853
Pune,18.5204,73.8567
Harbin,45.8038,126.535
Houston,29.7604,-95.3698
Dallas,32.7767,-96.797
Toronto,43.6532,-79.3832
Dar es Salaam,-6.7924,39.2083
Miami,25.7617,-80.1918
Belgrade,44.7866,20.4489
Brisbane,-27.4698,153.0251
Melbourne,-37.8136,144.9631
Zurich,47.3769,8.5417
Oslo,59.9139,10.7522
Stockholm,59.3293,18.0686
Helsinki,60.1699,24.9384
Warsaw,52.2297,21.0122
Prague,50.0755,14.4378
Vienna,48.2082,16.3738
Amsterdam,52.3676,4.9041
Brussels,50.8503,4.3517
Lisbon,38.7223,-9.1393
Athens,37.9838,23.7275
Bucharest,44.4268,26.1025
Budapest,47.4979,19.0402
Dublin,53.3498,-6.2603
Berlin,52.52,13.405
Hamburg,53.5511,9.9937
Munich,48.1351,11.582
Milan,45.4642,9.19
Rome,41.9028,12.4964
Naples,40.8518,14.2681
Turin,45.0703,7.6869
Barcelona,41.3874,2.1686
Valencia,39.4699,-0.3763
Seville,37.3891,-5.9845
Zaragoza,41.6488,-0.8891
Malaga,36.7213,-4.4214
Bilbao,43.263,-2.935
Murcia,37.9922,-1.1307
Palma,39.5696,2.6502
Las Palmas,28.1235,-15.4363
Vigo,42.2406,-8.7207
A Coruna,43.3623,-8.4115
Gijon,43.5322,-5.6611
Santander,43.4623,-3.81
